optimizer,learning_rate,iterations,final_loss,distance_to_minimum,final_params_x,final_params_y
SGD,0.001,2000,0.02807274994050998,0.3501003306443714,0.8326139589359763,0.6925066589758224
RMSprop,0.01,2000,0.023479951986944362,0.10018653949901259,0.9484918571494321,0.9140683183169752
Adam,0.02,2000,0.9674927680666772,1.4025761834271206,0.016388797555805988,0.0001355328129343543
